Name,Formula
Cer(d12:0_25:1),C37 H73 O3 N1
Cer(d13:0_25:1),C38 H75 O3 N1
Cer(d14:1_20:0),C34 H67 O3 N1
Cer(d14:1_22:0),C36 H71 O3 N1
Cer(d14:1_23:0),C37 H73 O3 N1
Cer(d14:1_24:0),C38 H75 O3 N1
Cer(d14:2_20:1),C34 H63 O3 N1
Cer(d14:2_22:0),C36 H69 O3 N1
Cer(d15:0_19:1),C34 H67 O3 N1
Cer(d15:0_23:1),C38 H75 O3 N1
Cer(d16:0_20:1),C36 H71 O3 N1
Cer(d16:1_20:0),C36 H71 O3 N1
Cer(d16:1_22:0),C38 H75 O3 N1
Cer(d17:0_21:1),C38 H75 O3 N1
Cer(d20:0_18:1),C38 H75 O3 N1
Cer(d23:0_16:1+2O),C39 H77 O5 N1
Cer(d23:2_21:4),C44 H77 O3 N1
Cer(d23:2_21:5),C44 H75 O3 N1
Cer(d24:1_18:1),C42 H81 O3 N1
Cer(d24:1_18:1+O),C42 H81 O4 N1
Cer(d24:2_18:0+O),C42 H81 O4 N1
Cer(d34:2),C34 H65 O3 N1
Cer(d36:1+O),C36 H71 O4 N1
Cer(d36:2),C36 H69 O3 N1
Cer(d38:1),C38 H75 O3 N1
Cer(d40:1),C40 H79 O3 N1
Cer(d42:2+O),C42 H81 O4 N1
Cer(d44:0),C44 H89 O3 N1
Cer(d44:6),C44 H77 O3 N1
Cer(d44:7),C44 H75 O3 N1
Cer(m21:1_15:0+O),C36 H71 O3 N1
Cer(m34:1+O),C34 H67 O3 N1
Cer(m36:1+O),C36 H71 O3 N1
Cer(t16:1_21:0+O),C37 H73 O5 N1
Cer(t18:1_26:5),C44 H77 O4 N1
Cer(t20:0_18:1+O),C38 H75 O5 N1
Cer(t20:1_15:0+O),C35 H69 O5 N1
Cer(t44:0+O),C44 H89 O5 N1
CerP(d14:2_25:0),C39 H76 O6 N1 P1
CerP(d20:0_19:0),C39 H80 O6 N1 P1
CerP(d21:2_18:0+O),C39 H76 O7 N1 P1
CerP(d22:1_18:2+2O),C40 H76 O8 N1 P1
CerP(d22:2_18:0+2O),C40 H78 O8 N1 P1
CerP(d24:0_15:0+O),C39 H80 O7 N1 P1
CerP(d24:1_18:2+2O),C42 H80 O8 N1 P1
CerP(d24:2_16:1+2O),C40 H76 O8 N1 P1
CerP(d26:0+O),C26 H54 O7 N1 P1
CerP(d30:3),C30 H56 O6 N1 P1
CerP(d38:6),C38 H66 O6 N1 P1
CerP(d40:3+2O),C40 H76 O8 N1 P1
CerP(m19:1_20:1+O),C39 H76 O6 N1 P1
CerP(m20:0_21:1),C41 H82 O5 N1 P1
CerP(m22:0_19:0),C41 H84 O5 N1 P1
CerP(t17:0_16:0+2O),C33 H68 O9 N1 P1
CerP(t17:0_18:2+O),C35 H68 O8 N1 P1
CerP(t17:0_23:0+O),C40 H82 O8 N1 P1
CerP(t17:1_16:1+2O),C33 H64 O9 N1 P1
CerP(t17:1_18:0+2O),C35 H70 O9 N1 P1
CerP(t17:1_18:2+2O),C35 H66 O9 N1 P1
CerP(t18:0_18:0+O),C36 H74 O8 N1 P1
CerP(t18:0_20:0+O),C38 H78 O8 N1 P1
CerP(t20:0_18:0+O),C38 H78 O8 N1 P1
CerP(t20:1_16:1+O),C36 H70 O8 N1 P1
CerP(t33:2+2O),C33 H64 O9 N1 P1
CerP(t38:0+2O),C38 H78 O9 N1 P1
CerP(t38:0+O),C38 H78 O8 N1 P1
CerP(t38:1+O),C38 H76 O8 N1 P1
CerP(t38:3+O),C38 H72 O8 N1 P1
CerP(t39:0),C39 H80 O7 N1 P1
CerPE(d32:2),C34 H67 O6 N2 P1
CerPE(d34:2),C36 H71 O6 N2 P1
CerPE(d35:7),C37 H63 O6 N2 P1
CerPE(d36:2),C38 H75 O6 N2 P1
CL(10:3_18:2_22:1_18:2),C77 H134 O17 P2
CL(12:3_22:6_22:3_18:2),C83 H134 O17 P2
CL(14:3_22:5_18:2_18:2),C81 H134 O17 P2
CL(16:0_16:1_16:0_16:1),C73 H138 O17 P2
CL(16:1_16:1_16:1_14:1),C71 H130 O17 P2
CL(16:1_16:1_16:1_16:1),C73 H134 O17 P2
CL(16:1_16:1_16:1_18:2),C75 H136 O17 P2
CL(16:1_16:1_16:1_20:4),C77 H136 O17 P2
CL(18:1_16:1_16:1_16:1),C75 H138 O17 P2
CL(18:1_16:1_16:1_18:1),C77 H142 O17 P2
CL(18:1_16:1_16:1_18:2),C77 H140 O17 P2
CL(18:1_16:1_18:1_18:1),C79 H146 O17 P2
CL(18:1_16:1_18:2_18:2),C79 H142 O17 P2
CL(18:2_16:0_16:0_18:2),C77 H142 O17 P2
CL(18:2_16:0_18:2_18:2),C79 H142 O17 P2
CL(18:2_16:1_16:1_16:1),C75 H136 O17 P2
CL(18:2_16:1_16:1_18:2),C77 H138 O17 P2
CL(18:2_16:1_18:1_16:1),C77 H140 O17 P2
CL(18:2_16:1_18:1_18:1),C79 H144 O17 P2
CL(18:2_16:1_18:1_18:2),C79 H142 O17 P2
CL(18:2_16:1_18:2_16:1),C77 H138 O17 P2
CL(18:2_16:1_18:2_18:2),C79 H140 O17 P2
CL(18:2_18:1_16:1_18:1),C79 H144 O17 P2
CL(18:2_18:1_18:2_18:2),C81 H144 O17 P2
CL(18:2_18:2_18:2_18:2),C81 H142 O17 P2
CL(18:3_14:1_22:6_16:1),C79 H132 O17 P2
CL(18:3_16:0_16:0_18:2),C77 H140 O17 P2
CL(18:3_16:0_16:1_18:2),C77 H138 O17 P2
CL(18:3_16:0_18:2_18:2),C79 H140 O17 P2
CL(18:3_16:1_14:0_20:4),C77 H134 O17 P2
CL(18:3_16:1_14:0_22:6),C79 H134 O17 P2
CL(18:3_16:1_14:1_22:6),C79 H132 O17 P2
CL(18:3_16:1_16:1_16:1),C75 H134 O17 P2
CL(18:3_16:1_16:1_18:2),C77 H136 O17 P2
CL(18:3_16:1_16:1_20:4),C79 H136 O17 P2
CL(18:3_16:1_18:2_16:1),C77 H136 O17 P2
CL(18:3_18:1_18:1_18:2),C81 H144 O17 P2
CL(18:3_18:2_14:0_22:6),C81 H136 O17 P2
CL(18:3_18:2_14:1_22:6),C81 H134 O17 P2
CL(18:3_18:2_16:1_18:1),C79 H140 O17 P2
CL(18:3_18:2_16:1_18:2),C79 H138 O17 P2
CL(18:3_18:2_16:1_20:4),C81 H138 O17 P2
CL(18:3_18:2_18:2_16:1),C79 H138 O17 P2
CL(18:3_18:2_18:2_18:2),C81 H140 O17 P2
CL(18:3_20:3_14:1_16:1),C77 H134 O17 P2
CL(18:3_22:4_12:0_16:1),C77 H134 O17 P2
CL(18:3_22:5_14:1_16:1),C79 H134 O17 P2
CL(18:3_22:6_14:0_16:1),C79 H134 O17 P2
CL(18:4_16:1_16:1_16:1),C75 H132 O17 P2
CL(18:4_16:1_16:1_18:2),C77 H134 O17 P2
CL(18:4_18:1_16:1_16:1),C77 H136 O17 P2
CL(18:4_18:2_14:1_22:5),C81 H134 O17 P2
CL(18:4_18:2_16:1_18:2),C79 H136 O17 P2
CL(18:4_18:2_16:1_22:6),C83 H136 O17 P2
CL(18:4_18:2_18:2_18:2),C81 H138 O17 P2
CL(18:4_20:4_16:1_18:2),C81 H136 O17 P2
CL(18:4_20:4_18:2_16:1),C81 H136 O17 P2
CL(18:4_20:4_18:2_18:2),C83 H138 O17 P2
CL(19:0_18:1_15:0_18:1),C79 H150 O17 P2
CL(20:5_16:1_16:1_16:1),C77 H134 O17 P2
CL(20:5_16:1_16:1_18:2),C79 H136 O17 P2
CL(20:5_18:2_14:0_18:2),C79 H136 O17 P2
CL(22:6_14:1_16:1_16:1),C77 H132 O17 P2
CL(22:6_14:1_16:1_18:2),C79 H134 O17 P2
CL(64:4),C73 H134 O17 P2
CL(64:5),C73 H132 O17 P2
CL(66:0),C75 H146 O17 P2
CL(66:1),C75 H144 O17 P2
CL(66:2),C75 H142 O17 P2
CL(66:3),C75 H140 O17 P2
CL(66:4),C75 H138 O17 P2
CL(66:5),C75 H136 O17 P2
CL(67:3),C76 H142 O17 P2
CL(68:2),C77 H146 O17 P2
CL(70:0),C79 H154 O17 P2
CL(70:1),C79 H152 O17 P2
CL(70:3),C79 H148 O17 P2
CL(70:4),C79 H146 O17 P2
CL(70:5),C79 H144 O17 P2
CL(70:6),C79 H142 O17 P2
CL(70:7),C79 H140 O17 P2
CL(72:10),C81 H138 O17 P2
CL(72:11),C81 H136 O17 P2
CL(72:12),C81 H134 O17 P2
CL(72:13),C81 H132 O17 P2
CL(72:2),C81 H154 O17 P2
CL(72:4),C81 H150 O17 P2
CL(72:6),C81 H146 O17 P2
CL(74:1),C83 H160 O17 P2
CL(74:11),C83 H140 O17 P2
CL(74:13),C83 H136 O17 P2
CL(74:14),C83 H134 O17 P2
CL(74:15),C83 H132 O17 P2
CL(74:2),C83 H158 O17 P2
CL(74:3),C83 H156 O17 P2
CL(74:4),C83 H154 O17 P2
CL(74:5),C83 H152 O17 P2
CL(74:6),C83 H150 O17 P2
CL(74:7),C83 H148 O17 P2
CL(78:1),C87 H168 O17 P2
DG(10:0e_10:4),C23 H38 O4
DG(10:0e_12:4),C25 H42 O4
DG(12:0e_10:4),C25 H42 O4
DG(12:0e_22:3),C37 H68 O4
DG(12:1e_10:4),C25 H40 O4
DG(12:1e_20:3),C35 H62 O4
DG(14:0e),C17 H34 O4
DG(16:0_16:1),C35 H66 O5
DG(16:0_18:1),C37 H70 O5
DG(16:0_18:2),C37 H68 O5
DG(16:0_18:3),C37 H66 O5
DG(16:0_20:4),C39 H68 O5
DG(16:0_20:5),C39 H66 O5
DG(16:1),C19 H34 O5
DG(16:1_16:0),C35 H66 O5
DG(16:1_16:1),C35 H64 O5
DG(16:1_18:1),C37 H68 O5
DG(16:1_18:2),C37 H66 O5
DG(16:2),C19 H32 O5
DG(18:0_18:1),C39 H74 O5
DG(18:0_18:2),C39 H72 O5
DG(18:0_18:3),C39 H70 O5
DG(18:0e),C21 H42 O4
DG(18:1_16:0),C37 H70 O5
DG(18:1_18:1),C39 H72 O5
DG(18:1_18:2),C39 H70 O5
DG(18:1_18:3),C39 H68 O5
DG(18:1_20:4),C41 H70 O5
DG(18:1_20:5),C41 H68 O5
DG(18:1_24:2),C45 H82 O5
DG(18:2),C21 H36 O5
DG(18:2_16:0),C37 H68 O5
DG(18:2_18:2),C39 H68 O5
DG(18:2e),C21 H38 O4
DG(18:3_16:0),C37 H66 O5
DG(18:3_18:2),C39 H66 O5
DG(18:3e),C21 H36 O4
DG(18:4_16:0),C37 H64 O5
DG(18:4_16:1),C37 H62 O5
DG(19:1_22:6),C44 H72 O5
DG(19:2e),C22 H40 O4
DG(20:0e),C23 H46 O4
DG(20:2),C23 H40 O5
DG(20:2e),C23 H42 O4
DG(20:5e),C23 H36 O4
DG(22:3e),C25 H44 O4
DG(22:4e),C25 H42 O4
DG(22:5e),C25 H40 O4
DG(22:6_22:6),C47 H68 O5
DG(23:2e),C26 H48 O4
DG(29:1_11:2),C43 H78 O5
DG(30:0e),C33 H66 O4
DG(30:1e),C33 H64 O4
DG(30:3),C33 H58 O5
DG(32:0e),C35 H70 O4
DG(32:1e),C35 H68 O4
DG(32:2e),C35 H66 O4
DG(32:3e),C35 H64 O4
DG(33:0_16:0),C52 H102 O5
DG(34:2e),C37 H70 O4
DG(34:3e),C37 H68 O4
DG(34:4),C37 H64 O5
DG(34:4e),C37 H66 O4
DG(34:5e),C37 H64 O4
DG(36:3e),C39 H72 O4
DG(36:5e),C39 H68 O4
DG(36:6e),C39 H66 O4
DG(4:0_14:1),C21 H38 O5
DG(4:0_14:4),C21 H32 O5
DG(4:0_16:1),C23 H42 O5
DG(4:0_18:1),C25 H46 O5
DG(42:3),C45 H82 O5
DG(6:0_10:0),C19 H36 O5
DG(6:0_10:1),C19 H34 O5
DG(8:0_11:4),C22 H34 O5
DG(8:0_12:2),C23 H40 O5
DG(8:0_8:0),C19 H36 O5
DG(8:0e_10:3),C21 H36 O4
DG(8:0e_10:4),C21 H34 O4
DG(8:0e_24:2),C35 H66 O4
DG(8:0e_6:0),C17 H34 O4
FA(18:3),O2 H30 C18
LPC(12:0),C20 H42 O7 N1 P1
LPC(14:0),C22 H46 O7 N1 P1
LPC(14:0e),C22 H48 O6 N1 P1
LPC(14:1),C22 H44 O7 N1 P1
LPC(16:0),C24 H50 O7 N1 P1
LPC(16:1),C24 H48 O7 N1 P1
LPC(16:2),C24 H46 O7 N1 P1
LPC(16:3),C24 H44 O7 N1 P1
LPC(17:0),C25 H52 O7 N1 P1
LPC(17:1),C25 H50 O7 N1 P1
LPC(18:0),C26 H54 O7 N1 P1
LPC(18:1),C26 H52 O7 N1 P1
LPC(18:2),C26 H50 O7 N1 P1
LPC(18:3),C26 H48 O7 N1 P1
LPC(18:4),C26 H46 O7 N1 P1
LPC(20:0),C28 H58 O7 N1 P1
LPC(20:1),C28 H56 O7 N1 P1
LPC(20:4),C28 H50 O7 N1 P1
LPC(20:5),C28 H48 O7 N1 P1
LPC(22:5),C30 H52 O7 N1 P1
LPC(35:1),C43 H86 O7 N1 P1
LPC(37:0),C45 H92 O7 N1 P1
PA(18:1_18:1),C39 H73 O8 N0 P1
PA(21:1e),C24 H47 O7 N0 P1
PA(33:2),C36 H67 O8 N0 P1
PA(35:1),C38 H73 O8 N0 P1
PA(35:2),C38 H71 O8 N0 P1
PA(36:0_22:0),C61 H121 O8 N0 P1
PA(38:3),C41 H75 O8 N0 P1
PA(39:3),C42 H77 O8 N0 P1
PA(40:0e),C43 H87 O7 N0 P1
PA(41:2),C44 H83 O8 N0 P1
PA(43:2),C46 H87 O8 N0 P1
PA(58:0),C61 H121 O8 N0 P1
PA(60:0),C63 H125 O8 N0 P1
PC(10:0e_6:0),C24 H50 O7 N1 P1
PC(10:1e_8:0),C26 H52 O7 N1 P1
PC(11:0_23:1),C42 H82 O8 N1 P1
PC(12:0_22:1),C42 H82 O8 N1 P1
PC(12:0_22:2),C42 H80 O8 N1 P1
PC(12:0_22:4),C42 H76 O8 N1 P1
PC(12:1e_6:0),C26 H52 O7 N1 P1
PC(14:0_18:3),C40 H74 O8 N1 P1
PC(16:0),C24 H48 O8 N1 P1
PC(16:0_12:0),C36 H72 O8 N1 P1
PC(16:0_14:0),C38 H76 O8 N1 P1
PC(16:0_16:0),C40 H80 O8 N1 P1
PC(16:0_16:1),C40 H78 O8 N1 P1
PC(16:0_17:0),C41 H82 O8 N1 P1
PC(16:0_18:1),C42 H82 O8 N1 P1
PC(16:0_18:2),C42 H80 O8 N1 P1
PC(16:0_18:3),C42 H78 O8 N1 P1
PC(16:0_20:4),C44 H80 O8 N1 P1
PC(16:1),C24 H46 O8 N1 P1
PC(16:1_14:0),C38 H74 O8 N1 P1
PC(16:1_14:1),C38 H72 O8 N1 P1
PC(16:1_16:1),C40 H76 O8 N1 P1
PC(16:1_18:1),C42 H80 O8 N1 P1
PC(16:1_18:2),C42 H78 O8 N1 P1
PC(16:1_18:3),C42 H76 O8 N1 P1
PC(16:1_20:4),C44 H78 O8 N1 P1
PC(16:2_18:2),C42 H76 O8 N1 P1
PC(16:2_20:0),C44 H84 O8 N1 P1
PC(17:0_17:0),C42 H84 O8 N1 P1
PC(17:0_18:1),C43 H84 O8 N1 P1
PC(17:0_18:2),C43 H82 O8 N1 P1
PC(17:0_18:3),C43 H80 O8 N1 P1
PC(17:1_16:1),C41 H78 O8 N1 P1
PC(17:1_18:1),C43 H82 O8 N1 P1
PC(17:1_18:2),C43 H80 O8 N1 P1
PC(17:1_18:3),C43 H78 O8 N1 P1
PC(18:0_14:1),C40 H78 O8 N1 P1
PC(18:0_16:0),C42 H84 O8 N1 P1
PC(18:0_17:0),C43 H86 O8 N1 P1
PC(18:0_18:1),C44 H86 O8 N1 P1
PC(18:0_18:2),C44 H84 O8 N1 P1
PC(18:0_18:3),C44 H82 O8 N1 P1
PC(18:0e_16:0),C42 H86 O7 N1 P1
PC(18:0e_24:1),C50 H100 O7 N1 P1
PC(18:1_18:1),C44 H84 O8 N1 P1
PC(18:1_18:2),C44 H82 O8 N1 P1
PC(18:1_18:3),C44 H80 O8 N1 P1
PC(18:1_20:4),C46 H82 O8 N1 P1
PC(18:1_20:5),C46 H80 O8 N1 P1
PC(18:1e_24:0),C50 H100 O7 N1 P1
PC(18:2),C26 H48 O8 N1 P1
PC(18:2_14:1),C40 H74 O8 N1 P1
PC(18:2_18:2),C44 H80 O8 N1 P1
PC(18:2_20:4),C46 H80 O8 N1 P1
PC(18:2e_16:0),C42 H82 O7 N1 P1
PC(18:2e_21:1),C47 H90 O7 N1 P1
PC(18:3_18:2),C44 H78 O8 N1 P1
PC(18:3_18:3),C44 H76 O8 N1 P1
PC(18:3_20:4),C46 H78 O8 N1 P1
PC(18:3_20:5),C46 H76 O8 N1 P1
PC(18:4_16:0),C42 H76 O8 N1 P1
PC(18:4_16:1),C42 H74 O8 N1 P1
PC(18:4_18:2),C44 H76 O8 N1 P1
PC(18:4_18:3),C44 H74 O8 N1 P1
PC(19:0_12:3),C39 H72 O8 N1 P1
PC(19:0_18:1),C45 H88 O8 N1 P1
PC(20:0_11:2),C39 H74 O8 N1 P1
PC(20:0_12:0),C40 H80 O8 N1 P1
PC(20:0_18:1),C46 H90 O8 N1 P1
PC(20:0_18:3),C46 H86 O8 N1 P1
PC(20:0e_14:1),C42 H84 O7 N1 P1
PC(20:0e_19:0),C47 H96 O7 N1 P1
PC(20:0e_23:0),C51 H104 O7 N1 P1
PC(20:1_12:0),C40 H78 O8 N1 P1
PC(20:1_18:1),C46 H88 O8 N1 P1
PC(20:1_9:0),C37 H72 O8 N1 P1
PC(20:3_14:1),C42 H76 O8 N1 P1
PC(20:5_18:2),C46 H78 O8 N1 P1
PC(21:0_11:1),C40 H78 O8 N1 P1
PC(21:0_11:2),C40 H76 O8 N1 P1
PC(21:1),C29 H56 O8 N1 P1
PC(21:1_11:3),C40 H72 O8 N1 P1
PC(21:2e),C29 H56 O7 N1 P1
PC(22:1_11:3),C41 H74 O8 N1 P1
PC(22:1_11:4),C41 H72 O8 N1 P1
PC(22:1_12:1),C42 H80 O8 N1 P1
PC(22:1_14:2),C44 H82 O8 N1 P1
PC(22:3_11:3),C41 H70 O8 N1 P1
PC(22:4_14:3),C44 H74 O8 N1 P1
PC(22:6_13:0),C43 H74 O8 N1 P1
PC(23:1_11:1),C42 H80 O8 N1 P1
PC(24:0_10:2),C42 H80 O8 N1 P1
PC(24:1_10:1),C42 H80 O8 N1 P1
PC(25:1_8:0),C41 H80 O8 N1 P1
PC(26:1_8:0),C42 H82 O8 N1 P1
PC(28:0),C36 H72 O8 N1 P1
PC(29:2),C37 H70 O8 N1 P1
PC(30:1),C38 H74 O8 N1 P1
PC(30:3),C38 H70 O8 N1 P1
PC(31:3),C39 H72 O8 N1 P1
PC(32:1),C40 H78 O8 N1 P1
PC(32:2),C40 H76 O8 N1 P1
PC(32:3),C40 H74 O8 N1 P1
PC(32:4),C40 H72 O8 N1 P1
PC(33:0),C41 H82 O8 N1 P1
PC(33:2),C41 H78 O8 N1 P1
PC(33:2e),C41 H80 O7 N1 P1
PC(33:3),C41 H76 O8 N1 P1
PC(33:4),C41 H74 O8 N1 P1
PC(33:5),C41 H72 O8 N1 P1
PC(34:1),C42 H82 O8 N1 P1
PC(34:2),C42 H80 O8 N1 P1
PC(34:3),C42 H78 O8 N1 P1
PC(34:5),C42 H74 O8 N1 P1
PC(35:3),C43 H80 O8 N1 P1
PC(36:0),C44 H88 O8 N1 P1
PC(36:1),C44 H86 O8 N1 P1
PC(36:1e),C44 H88 O7 N1 P1
PC(36:2),C44 H84 O8 N1 P1
PC(36:3),C44 H82 O8 N1 P1
PC(36:3e),C44 H84 O7 N1 P1
PC(36:4),C44 H80 O8 N1 P1
PC(36:5),C44 H78 O8 N1 P1
PC(36:6),C44 H76 O8 N1 P1
PC(36:7),C44 H74 O8 N1 P1
PC(37:3),C45 H84 O8 N1 P1
PC(38:1),C46 H90 O8 N1 P1
PC(38:2),C46 H88 O8 N1 P1
PC(4:0_12:0),C24 H48 O8 N1 P1
PC(51:0),C59 H118 O8 N1 P1
PC(6:0_22:1),C36 H70 O8 N1 P1
PC(6:0_24:2),C38 H72 O8 N1 P1
PC(8:0_10:1),C26 H50 O8 N1 P1
PC(8:0_22:3),C38 H70 O8 N1 P1
PC(8:0_22:4),C38 H68 O8 N1 P1
PC(8:0_23:1),C39 H76 O8 N1 P1
PC(8:0_24:2),C40 H76 O8 N1 P1
PC(8:0_8:0),C24 H48 O8 N1 P1
PC(8:0e_10:0),C26 H54 O7 N1 P1
PC(8:0e_10:3),C26 H48 O7 N1 P1
PC(8:0e_9:0),C25 H52 O7 N1 P1
PC(8:1e_10:0),C26 H52 O7 N1 P1
PC(8:1e_10:1),C26 H50 O7 N1 P1
PC(9:0_22:1),C39 H76 O8 N1 P1
PC(9:0_24:2),C41 H78 O8 N1 P1
PC(9:0_9:0),C26 H52 O8 N1 P1
PE(10:0e_10:4),C25 H44 O7 N1 P1
PE(10:0e_22:0),C37 H76 O7 N1 P1
PE(10:0e_24:0),C39 H80 O7 N1 P1
PE(10:0e_6:0),C21 H44 O7 N1 P1
PE(10:0p_22:0),C37 H74 O7 N1 P1
PE(10:0p_24:0),C39 H78 O7 N1 P1
PE(10:0p_6:0),C21 H42 O7 N1 P1
PE(10:1e_10:0),C25 H50 O7 N1 P1
PE(12:0e_22:0),C39 H80 O7 N1 P1
PE(12:0e_23:1),C40 H80 O7 N1 P1
PE(12:0e_24:2),C41 H80 O7 N1 P1
PE(12:0p_22:0),C39 H78 O7 N1 P1
PE(12:0p_24:0),C41 H82 O7 N1 P1
PE(12:0p_24:2),C41 H78 O7 N1 P1
PE(12:0p_6:0),C23 H46 O7 N1 P1
PE(14:0_18:3),C37 H68 O8 N1 P1
PE(14:0p_23:1),C42 H82 O7 N1 P1
PE(14:0p_24:2),C43 H82 O7 N1 P1
PE(15:0_18:1),C38 H74 O8 N1 P1
PE(15:0_18:3),C38 H70 O8 N1 P1
PE(16:0_16:0),C37 H74 O8 N1 P1
PE(16:0_16:1),C37 H72 O8 N1 P1
PE(16:0_18:1),C39 H76 O8 N1 P1
PE(16:0_18:2),C39 H74 O8 N1 P1
PE(16:0_18:3),C39 H72 O8 N1 P1
PE(16:0_19:0),C40 H80 O8 N1 P1
PE(16:0_21:0),C42 H84 O8 N1 P1
PE(16:0_21:1),C42 H82 O8 N1 P1
PE(16:0_22:6),C43 H74 O8 N1 P1
PE(16:0_23:0),C44 H88 O8 N1 P1
PE(16:0e),C21 H44 O7 N1 P1
PE(16:0e_16:1),C37 H74 O7 N1 P1
PE(16:0e_18:1),C39 H78 O7 N1 P1
PE(16:0e_18:2),C39 H76 O7 N1 P1
PE(16:0p_18:1),C39 H76 O7 N1 P1
PE(16:1_14:0),C35 H68 O8 N1 P1
PE(16:1_16:1),C37 H70 O8 N1 P1
PE(16:1_17:0),C38 H74 O8 N1 P1
PE(16:1_18:1),C39 H74 O8 N1 P1
PE(16:1_18:2),C39 H72 O8 N1 P1
PE(16:1_18:3),C39 H70 O8 N1 P1
PE(16:1_19:0),C40 H78 O8 N1 P1
PE(16:1_20:1),C41 H78 O8 N1 P1
PE(16:1_21:1),C42 H80 O8 N1 P1
PE(16:1_22:6),C43 H72 O8 N1 P1
PE(16:1e_18:1),C39 H76 O7 N1 P1
PE(16:2_18:0),C39 H74 O8 N1 P1
PE(16:2_19:1),C40 H74 O8 N1 P1
PE(16:3_18:2),C39 H68 O8 N1 P1
PE(16:3_20:4),C41 H68 O8 N1 P1
PE(17:0_14:1),C36 H70 O8 N1 P1
PE(17:0_18:1),C40 H78 O8 N1 P1
PE(17:0_18:3),C40 H74 O8 N1 P1
PE(17:0_19:0),C41 H82 O8 N1 P1
PE(17:0_21:1),C43 H84 O8 N1 P1
PE(17:0e),C22 H46 O7 N1 P1
PE(17:1_16:0),C38 H74 O8 N1 P1
PE(17:1_18:1),C40 H76 O8 N1 P1
PE(17:1_20:5),C42 H72 O8 N1 P1
PE(17:1e),C22 H44 O7 N1 P1
PE(18:0),C23 H46 O8 N1 P1
PE(18:0_16:0),C39 H78 O8 N1 P1
PE(18:0_18:1),C41 H80 O8 N1 P1
PE(18:0_18:2),C41 H78 O8 N1 P1
PE(18:0_18:3),C41 H76 O8 N1 P1
PE(18:0e_16:1),C39 H78 O7 N1 P1
PE(18:0e_18:0),C41 H84 O7 N1 P1
PE(18:0e_18:1),C41 H82 O7 N1 P1
PE(18:0e_18:2),C41 H80 O7 N1 P1
PE(18:0e_18:3),C41 H78 O7 N1 P1
PE(18:0p_16:1),C39 H76 O7 N1 P1
PE(18:0p_18:1),C41 H80 O7 N1 P1
PE(18:0p_18:2),C41 H78 O7 N1 P1
PE(18:0p_18:3),C41 H76 O7 N1 P1
PE(18:1),C23 H44 O8 N1 P1
PE(18:1_18:1),C41 H78 O8 N1 P1
PE(18:1_18:2),C41 H76 O8 N1 P1
PE(18:1_18:3),C41 H74 O8 N1 P1
PE(18:1_20:5),C43 H74 O8 N1 P1
PE(18:1_21:0),C44 H86 O8 N1 P1
PE(18:1_21:1),C44 H84 O8 N1 P1
PE(18:1_22:0),C45 H88 O8 N1 P1
PE(18:1e_16:1),C39 H76 O7 N1 P1
PE(18:1e_18:1),C41 H80 O7 N1 P1
PE(18:1e_18:2),C41 H78 O7 N1 P1
PE(18:1e_18:3),C41 H76 O7 N1 P1
PE(18:1p_18:1),C41 H78 O7 N1 P1
PE(18:2_18:2),C41 H74 O8 N1 P1
PE(18:2e),C23 H44 O7 N1 P1
PE(18:2e_18:1),C41 H78 O7 N1 P1
PE(18:2e_19:0),C42 H82 O7 N1 P1
PE(18:2e_20:2),C43 H80 O7 N1 P1
PE(18:2e_20:3),C43 H78 O7 N1 P1
PE(18:2e_20:4),C43 H76 O7 N1 P1
PE(18:3_18:2),C41 H72 O8 N1 P1
PE(18:3_18:3),C41 H70 O8 N1 P1
PE(18:3_21:0),C44 H82 O8 N1 P1
PE(18:3_21:1),C44 H80 O8 N1 P1
PE(18:3e),C23 H42 O7 N1 P1
PE(18:4_18:2),C41 H70 O8 N1 P1
PE(18:4_18:3),C41 H68 O8 N1 P1
PE(19:0_18:1),C42 H82 O8 N1 P1
PE(19:0_18:2),C42 H80 O8 N1 P1
PE(19:0_18:3),C42 H78 O8 N1 P1
PE(19:1_16:0),C40 H78 O8 N1 P1
PE(19:1_16:1),C40 H76 O8 N1 P1
PE(19:1_17:0),C41 H80 O8 N1 P1
PE(19:1_18:1),C42 H80 O8 N1 P1
PE(19:1_18:4),C42 H74 O8 N1 P1
PE(19:1_20:5),C44 H76 O8 N1 P1
PE(20:0_16:1),C41 H80 O8 N1 P1
PE(20:0_18:1),C43 H84 O8 N1 P1
PE(20:0_18:2),C43 H82 O8 N1 P1
PE(20:0_18:3),C43 H80 O8 N1 P1
PE(20:0e),C25 H52 O7 N1 P1
PE(20:0e_14:2),C39 H76 O7 N1 P1
PE(20:0e_18:1),C43 H86 O7 N1 P1
PE(20:0e_18:2),C43 H84 O7 N1 P1
PE(20:0e_18:3),C43 H82 O7 N1 P1
PE(20:0p_18:1),C43 H84 O7 N1 P1
PE(20:1_18:1),C43 H82 O8 N1 P1
PE(20:1e),C25 H50 O7 N1 P1
PE(20:1e_18:1),C43 H84 O7 N1 P1
PE(20:1e_18:2),C43 H82 O7 N1 P1
PE(20:1p_18:1),C43 H82 O7 N1 P1
PE(20:2e_19:0),C44 H86 O7 N1 P1
PE(20:2e_19:1),C44 H84 O7 N1 P1
PE(20:3e),C25 H46 O7 N1 P1
PE(20:3e_19:0),C44 H84 O7 N1 P1
PE(22:4e),C27 H48 O7 N1 P1
PE(23:0_12:2),C40 H76 O8 N1 P1
PE(23:1_14:4),C42 H74 O8 N1 P1
PE(25:0_9:0),C39 H78 O8 N1 P1
PE(25:1_10:1),C40 H76 O8 N1 P1
PE(26:0_11:1),C42 H82 O8 N1 P1
PE(26:0_11:2),C42 H80 O8 N1 P1
PE(26:0_12:4),C43 H78 O8 N1 P1
PE(26:0_14:2),C45 H86 O8 N1 P1
PE(27:1_10:0),C42 H82 O8 N1 P1
PE(27:1_12:1),C44 H84 O8 N1 P1
PE(28:1_11:1),C44 H84 O8 N1 P1
PE(29:1_6:0),C40 H78 O8 N1 P1
PE(34:1),C39 H76 O8 N1 P1
PE(34:2),C39 H74 O8 N1 P1
PE(34:2e),C39 H76 O7 N1 P1
PE(35:2),C40 H76 O8 N1 P1
PE(36:0e),C41 H84 O7 N1 P1
PE(36:1e),C41 H82 O7 N1 P1
PE(37:0e),C42 H86 O7 N1 P1
PE(37:2e),C42 H82 O7 N1 P1
PE(37:3e),C42 H80 O7 N1 P1
PE(38:7e),C43 H74 O7 N1 P1
PE(6:0_12:1),C23 H44 O8 N1 P1
PE(8:0_10:0),C23 H46 O8 N1 P1
PE(8:0e_10:0),C23 H48 O7 N1 P1
PE(8:0e_10:2),C23 H44 O7 N1 P1
PE(8:0e_10:3),C23 H42 O7 N1 P1
PE(8:0e_8:0),C21 H44 O7 N1 P1
PE(8:0e_9:0),C22 H46 O7 N1 P1
PE(8:1e_10:0),C23 H46 O7 N1 P1
PE(8:1e_10:1),C23 H44 O7 N1 P1
PE(8:1e_10:2),C23 H42 O7 N1 P1
PE(8:1e_10:3),C23 H40 O7 N1 P1
PE(8:1e_8:0),C21 H42 O7 N1 P1
PE(8:1e_9:0),C22 H44 O7 N1 P1
PE(9:0_22:1),C36 H70 O8 N1 P1
PE(9:0_24:2),C38 H72 O8 N1 P1
PE(9:0_9:0),C23 H46 O8 N1 P1
PG(12:0e_19:0),C37 H75 O9 N0 P1
PG(12:0e_19:1),C37 H73 O9 N0 P1
PG(14:0e_19:0),C39 H79 O9 N0 P1
PG(14:1e_19:0),C39 H77 O9 N0 P1
PG(14:1e_19:1),C39 H75 O9 N0 P1
PG(15:0_16:0),C37 H73 O10 N0 P1
PG(16:0_16:1),C38 H73 O10 N0 P1
PG(16:0_18:1),C40 H77 O10 N0 P1
PG(16:0_18:2),C40 H75 O10 N0 P1
PG(16:0_18:3),C40 H73 O10 N0 P1
PG(16:0e_16:0),C38 H77 O9 N0 P1
PG(16:0e_19:1),C41 H81 O9 N0 P1
PG(16:1_16:1),C38 H71 O10 N0 P1
PG(16:1_18:1),C40 H75 O10 N0 P1
PG(16:1_18:2),C40 H73 O10 N0 P1
PG(16:1_18:3),C40 H71 O10 N0 P1
PG(16:1e_19:0),C41 H81 O9 N0 P1
PG(17:0_12:2),C35 H65 O10 N0 P1
PG(18:1_18:1),C42 H79 O10 N0 P1
PG(18:1_18:2),C42 H77 O10 N0 P1
PG(18:1_18:3),C42 H75 O10 N0 P1
PG(18:2_18:2),C42 H75 O10 N0 P1
PG(18:3_18:2),C42 H73 O10 N0 P1
PG(18:3_18:3),C42 H71 O10 N0 P1
PG(18:3e),C24 H43 O9 N0 P1
PG(24:2_10:2),C40 H71 O10 N0 P1
PG(26:5),C32 H53 O10 N0 P1
PG(28:5),C34 H57 O10 N0 P1
PG(28:6),C34 H55 O10 N0 P1
PG(29:1_14:1),C49 H93 O10 N0 P1
PG(34:3),C40 H73 O10 N0 P1
PG(34:4),C40 H71 O10 N0 P1
PG(36:3),C42 H77 O10 N0 P1
PG(40:2),C46 H87 O10 N0 P1
PG(40:3e),C46 H87 O9 N0 P1
PG(58:3),C64 H121 O10 N0 P1
PI(14:0_21:1),C44 H83 O13 N0 P1
PI(16:0_14:1),C39 H73 O13 N0 P1
PI(16:0_16:0),C41 H79 O13 N0 P1
PI(16:0_16:1),C41 H77 O13 N0 P1
PI(16:0_18:1),C43 H81 O13 N0 P1
PI(16:0_18:2),C43 H79 O13 N0 P1
PI(16:0_18:3),C43 H77 O13 N0 P1
PI(16:1_16:1),C41 H75 O13 N0 P1
PI(16:1_18:1),C43 H79 O13 N0 P1
PI(16:1_18:2),C43 H77 O13 N0 P1
PI(16:1_18:3),C43 H75 O13 N0 P1
PI(17:0_18:3),C44 H79 O13 N0 P1
PI(18:0_18:1),C45 H85 O13 N0 P1
PI(18:0_18:2),C45 H83 O13 N0 P1
PI(18:0_18:3),C45 H81 O13 N0 P1
PI(18:1_18:1),C45 H83 O13 N0 P1
PI(18:1_18:2),C45 H81 O13 N0 P1
PI(18:1_18:3),C45 H79 O13 N0 P1
PI(18:2_18:2),C45 H79 O13 N0 P1
PI(18:3_18:2),C45 H77 O13 N0 P1
PI(18:3_18:3),C45 H75 O13 N0 P1
PI(18:3e),C27 H47 O12 N0 P1
PI(30:1),C39 H73 O13 N0 P1
PI(34:4),C43 H75 O13 N0 P1
PI(34:4e),C43 H77 O12 N0 P1
PI(36:3),C45 H81 O13 N0 P1
PI(38:6),C47 H79 O13 N0 P1
PI(4:0_12:2),C25 H43 O13 N0 P1
PI(42:4),C51 H91 O13 N0 P1
PI(6:0_24:0),C39 H75 O13 N0 P1
PS(14:1e_10:0),C30 H58 O9 N1 P1
PS(14:1e_17:0),C37 H72 O9 N1 P1
PS(14:1e_19:1),C39 H74 O9 N1 P1
PS(15:0_19:0),C40 H78 O10 N1 P1
PS(16:0_17:0),C39 H76 O10 N1 P1
PS(16:0_18:1),C40 H76 O10 N1 P1
PS(16:0_18:2),C40 H74 O10 N1 P1
PS(16:0_18:3),C40 H72 O10 N1 P1
PS(16:0_21:0),C43 H84 O10 N1 P1
PS(16:0_21:1),C43 H82 O10 N1 P1
PS(16:1_16:1),C38 H70 O10 N1 P1
PS(16:1_18:1),C40 H74 O10 N1 P1
PS(16:1_18:2),C40 H72 O10 N1 P1
PS(16:1_18:3),C40 H70 O10 N1 P1
PS(16:1_20:1),C42 H78 O10 N1 P1
PS(16:1e),C22 H42 O9 N1 P1
PS(16:1e_8:0),C30 H58 O9 N1 P1
PS(16:2e_18:1),C40 H74 O9 N1 P1
PS(16:2e_18:2),C40 H72 O9 N1 P1
PS(16:3_18:0),C40 H72 O10 N1 P1
PS(18:0_16:1),C40 H76 O10 N1 P1
PS(18:0_18:1),C42 H80 O10 N1 P1
PS(18:0_18:3),C42 H76 O10 N1 P1
PS(18:1_18:1),C42 H78 O10 N1 P1
PS(18:1_18:2),C42 H76 O10 N1 P1
PS(18:1_18:3),C42 H74 O10 N1 P1
PS(18:1_20:2),C44 H80 O10 N1 P1
PS(18:1_20:4),C44 H76 O10 N1 P1
PS(18:1e_9:0),C33 H64 O9 N1 P1
PS(18:2_18:2),C42 H74 O10 N1 P1
PS(18:3_18:2),C42 H72 O10 N1 P1
PS(18:3_18:3),C42 H70 O10 N1 P1
PS(18:3_20:5),C44 H70 O10 N1 P1
PS(18:4_18:0),C42 H74 O10 N1 P1
PS(19:1_15:0),C40 H76 O10 N1 P1
PS(20:0_18:1),C44 H84 O10 N1 P1
PS(20:0e_14:0),C40 H80 O9 N1 P1
PS(20:1_18:1),C44 H82 O10 N1 P1
PS(20:2e),C26 H48 O9 N1 P1
PS(20:2e_18:3),C44 H78 O9 N1 P1
PS(20:3e),C26 H46 O9 N1 P1
PS(21:0),C27 H52 O10 N1 P1
PS(22:0_12:2),C40 H74 O10 N1 P1
PS(22:0_12:3),C40 H72 O10 N1 P1
PS(22:1_12:2),C40 H72 O10 N1 P1
PS(22:2_14:4),C42 H70 O10 N1 P1
PS(22:3_14:1),C42 H74 O10 N1 P1
PS(24:1e),C30 H58 O9 N1 P1
PS(26:2e),C32 H60 O9 N1 P1
PS(28:1_6:0),C40 H76 O10 N1 P1
PS(33:0),C39 H76 O10 N1 P1
PS(33:2),C39 H72 O10 N1 P1
PS(34:4),C40 H70 O10 N1 P1
PS(35:0),C41 H80 O10 N1 P1
PS(35:1),C41 H78 O10 N1 P1
PS(36:3),C42 H76 O10 N1 P1
PS(36:4),C42 H74 O10 N1 P1
PS(36:5),C42 H72 O10 N1 P1
PS(37:0),C43 H84 O10 N1 P1
PS(37:1),C43 H82 O10 N1 P1
PS(37:2),C43 H80 O10 N1 P1
PS(38:3),C44 H80 O10 N1 P1
PS(38:3e),C44 H82 O9 N1 P1
PS(38:4),C44 H78 O10 N1 P1
PS(38:4e),C44 H80 O9 N1 P1
PS(38:5),C44 H76 O10 N1 P1
PS(38:5e),C44 H78 O9 N1 P1
PS(38:6),C44 H74 O10 N1 P1
PS(38:8),C44 H70 O10 N1 P1
PS(39:1),C45 H86 O10 N1 P1
PS(39:2),C45 H84 O10 N1 P1
PS(39:2e),C45 H86 O9 N1 P1
PS(39:4),C45 H80 O10 N1 P1
SM(d18:1_19:1),C42 H83 O6 N2 P1
SM(d19:1_18:1),C42 H83 O6 N2 P1
SM(d20:0_15:0),C40 H83 O6 N2 P1
SM(d37:4),C42 H79 O6 N2 P1
SPH(d16:0),C16 H35 O2 N1
SPH(d18:0),C18 H39 O2 N1
SPH(d21:2),C21 H41 O2 N1
SPH(d22:0),C22 H47 O2 N1
SPH(t17:0),C17 H37 O3 N1
TG(10:0_10:1_18:1),C41 H74 O6
TG(10:0_18:1_16:0),C47 H88 O6
TG(10:0_18:1_18:3),C49 H86 O6
TG(10:0_18:2_16:1),C47 H84 O6
TG(11:0_12:2_17:0),C43 H78 O6
TG(11:0_14:0_18:1),C46 H86 O6
TG(11:0_16:0_18:1),C48 H90 O6
TG(11:0_18:2_16:0),C48 H88 O6
TG(11:0_6:0_6:0),C26 H48 O6
TG(11:0_8:0_19:0),C41 H78 O6
TG(11:0_9:0_20:5),C43 H72 O6
TG(12:0_11:4_20:4),C46 H72 O6
TG(12:0_11:4_20:5),C46 H70 O6
TG(12:0_12:0_12:0),C39 H74 O6
TG(12:0_12:0_8:0),C35 H66 O6
TG(12:0_14:0_12:0),C41 H78 O6
TG(12:0_18:2_11:1),C44 H78 O6
TG(12:0_18:3_18:2),C51 H88 O6
TG(12:0_22:2_14:1),C51 H92 O6
TG(12:0e_16:0_23:0),C54 H106 O5
TG(12:0e_16:0_23:1),C54 H104 O5
TG(12:0e_18:2_23:0),C56 H106 O5
TG(12:0e_22:1_19:1),C56 H106 O5
TG(12:0e_8:0_19:0),C42 H82 O5
TG(12:1e_11:3_19:1),C45 H78 O5
TG(12:1e_6:0_18:3),C39 H68 O5
TG(12:1e_6:0_18:4),C39 H66 O5
TG(12:1e_9:0_19:1),C43 H80 O5
TG(14:0_11:1_18:3),C46 H80 O6
TG(14:0_11:4_14:3),C42 H66 O6
TG(14:0_12:2_11:2),C40 H68 O6
TG(14:0_12:2_11:3),C40 H66 O6
TG(14:0_14:0_16:0),C47 H90 O6
TG(14:0_18:2_11:1),C46 H82 O6
TG(14:0_18:3_18:3),C53 H90 O6
TG(14:0e_10:0_12:3),C39 H70 O5
TG(14:0e_11:2_11:3),C39 H66 O5
TG(14:0e_9:0_18:1),C44 H84 O5
TG(14:1_11:4_18:1),C46 H76 O6
TG(14:1_11:4_18:2),C46 H74 O6
TG(14:1_17:1_16:1),C50 H90 O6
TG(14:1e_11:3_18:1),C46 H80 O5
TG(14:1e_11:3_18:2),C46 H78 O5
TG(15:0_10:2_13:0),C41 H74 O6
TG(15:0_11:4_14:3),C43 H68 O6
TG(15:0_16:0_16:0),C50 H96 O6
TG(15:0_16:0_16:1),C50 H94 O6
TG(15:0_16:1_16:0),C50 H94 O6
TG(15:0_16:1_18:3),C52 H92 O6
TG(15:0_18:1_16:0),C52 H98 O6
TG(15:0_18:2_18:3),C54 H94 O6
TG(15:0_18:3_18:3),C54 H92 O6
TG(16:0_10:0_16:0),C45 H86 O6
TG(16:0_10:0_16:1),C45 H84 O6
TG(16:0_10:0_18:1),C47 H88 O6
TG(16:0_10:1_16:0),C45 H84 O6
TG(16:0_10:1_18:1),C47 H86 O6
TG(16:0_10:1_18:2),C47 H84 O6
TG(16:0_10:1_18:3),C47 H82 O6
TG(16:0_10:2_11:2),C40 H68 O6
TG(16:0_10:2_16:1),C45 H80 O6
TG(16:0_10:2_18:2),C47 H82 O6
TG(16:0_10:4_16:1),C45 H76 O6
TG(16:0_11:1_16:0),C46 H86 O6
TG(16:0_11:1_18:1),C48 H88 O6
TG(16:0_11:1_20:1),C50 H92 O6
TG(16:0_11:2_14:2),C44 H76 O6
TG(16:0_11:2_14:3),C44 H74 O6
TG(16:0_11:2_14:4),C44 H72 O6
TG(16:0_11:3_14:1),C44 H76 O6
TG(16:0_11:3_14:3),C44 H72 O6
TG(16:0_11:3_16:0),C46 H82 O6
TG(16:0_11:4_18:3),C48 H78 O6
TG(16:0_12:0_12:0),C43 H82 O6
TG(16:0_12:0_14:0),C45 H86 O6
TG(16:0_12:0_16:0),C47 H90 O6
TG(16:0_12:0_16:1),C47 H88 O6
TG(16:0_12:0_18:1),C49 H92 O6
TG(16:0_12:0_18:3),C49 H88 O6
TG(16:0_12:1_16:1),C47 H86 O6
TG(16:0_12:1_18:1),C49 H90 O6
TG(16:0_12:1_18:3),C49 H86 O6
TG(16:0_12:2_11:2),C42 H72 O6
TG(16:0_12:2_11:3),C42 H70 O6
TG(16:0_12:2_12:3),C43 H72 O6
TG(16:0_12:4_12:1),C43 H72 O6
TG(16:0_12:4_14:0),C45 H78 O6
TG(16:0_12:4_18:1),C49 H84 O6
TG(16:0_13:0_18:1),C50 H94 O6
TG(16:0_14:0_12:0),C45 H86 O6
TG(16:0_14:0_15:0),C48 H92 O6
TG(16:0_14:0_16:1),C49 H92 O6
TG(16:0_14:2_11:3),C44 H74 O6
TG(16:0_14:2_11:4),C44 H72 O6
TG(16:0_14:2_18:3),C51 H88 O6
TG(16:0_14:3_11:2),C44 H74 O6
TG(16:0_14:4_11:2),C44 H72 O6
TG(16:0_16:0_14:0),C49 H94 O6
TG(16:0_16:0_16:0),C51 H98 O6
TG(16:0_16:0_16:1),C51 H96 O6
TG(16:0_16:0_18:0),C53 H102 O6
TG(16:0_16:0_18:1),C53 H100 O6
TG(16:0_16:0_18:2),C53 H98 O6
TG(16:0_16:0_18:3),C53 H96 O6
TG(16:0_16:0_20:0),C55 H106 O6
TG(16:0_16:0_20:1),C55 H104 O6
TG(16:0_16:0_6:0),C41 H78 O6
TG(16:0_16:1_10:0),C45 H84 O6
TG(16:0_16:1_10:2),C45 H80 O6
TG(16:0_16:1_10:4),C45 H76 O6
TG(16:0_16:1_11:1),C46 H84 O6
TG(16:0_16:1_12:0),C47 H88 O6
TG(16:0_16:1_14:0),C49 H92 O6
TG(16:0_16:1_16:0),C51 H96 O6
TG(16:0_16:1_16:1),C51 H94 O6
TG(16:0_16:1_17:0),C52 H98 O6
TG(16:0_16:1_18:1),C53 H98 O6
TG(16:0_16:1_18:2),C53 H96 O6
TG(16:0_16:1_6:0),C41 H76 O6
TG(16:0_16:1_8:0),C43 H80 O6
TG(16:0_17:0_16:1),C52 H98 O6
TG(16:0_17:0_18:1),C54 H102 O6
TG(16:0_17:1_18:1),C54 H100 O6
TG(16:0_18:1_10:1),C47 H86 O6
TG(16:0_18:1_10:2),C47 H84 O6
TG(16:0_18:1_10:3),C47 H82 O6
TG(16:0_18:1_11:0),C48 H90 O6
TG(16:0_18:1_12:0),C49 H92 O6
TG(16:0_18:1_14:0),C51 H96 O6
TG(16:0_18:1_14:3),C51 H90 O6
TG(16:0_18:1_16:0),C53 H100 O6
TG(16:0_18:1_16:1),C53 H98 O6
TG(16:0_18:1_17:0),C54 H102 O6
TG(16:0_18:1_18:0),C55 H104 O6
TG(16:0_18:1_18:1),C55 H102 O6
TG(16:0_18:1_18:2),C55 H100 O6
TG(16:0_18:1_18:3),C55 H98 O6
TG(16:0_18:1_20:0),C57 H108 O6
TG(16:0_18:1_21:0),C58 H110 O6
TG(16:0_18:1_22:6),C59 H100 O6
TG(16:0_18:1_23:1),C60 H112 O6
TG(16:0_18:1_24:0),C61 H116 O6
TG(16:0_18:1_6:0),C43 H80 O6
TG(16:0_18:2_10:1),C47 H84 O6
TG(16:0_18:2_10:3),C47 H80 O6
TG(16:0_18:2_10:4),C47 H78 O6
TG(16:0_18:2_12:0),C49 H90 O6
TG(16:0_18:2_13:0),C50 H92 O6
TG(16:0_18:2_18:1),C55 H100 O6
TG(16:0_18:2_18:2),C55 H98 O6
TG(16:0_18:3_10:3),C47 H78 O6
TG(16:0_18:3_12:0),C49 H88 O6
TG(16:0_18:3_14:2),C51 H88 O6
TG(16:0_18:3_6:0),C43 H76 O6
TG(16:0_21:0_18:2),C58 H108 O6
TG(16:0_23:1_18:1),C60 H112 O6
TG(16:0_24:0_16:0),C59 H114 O6
TG(16:0_6:0_12:1),C37 H68 O6
TG(16:0_6:0_18:1),C43 H80 O6
TG(16:0_8:0_18:1),C45 H84 O6
TG(16:0_9:0_11:2),C39 H70 O6
TG(16:0e_10:4_16:0),C45 H80 O5
TG(16:0e_12:3_13:0),C44 H80 O5
TG(16:0e_16:0_12:4),C47 H84 O5
TG(16:0e_16:0_19:0),C54 H106 O5
TG(16:0e_16:0_19:1),C54 H104 O5
TG(16:0e_16:0_20:3),C55 H102 O5
TG(16:0e_18:1_19:0),C56 H108 O5
TG(16:0e_19:1_17:0),C55 H106 O5
TG(16:1_10:0_16:0),C45 H84 O6
TG(16:1_10:0_16:1),C45 H82 O6
TG(16:1_10:1_18:3),C47 H80 O6
TG(16:1_10:2_16:0),C45 H80 O6
TG(16:1_10:3_18:3),C47 H76 O6
TG(16:1_10:4_16:1),C45 H74 O6
TG(16:1_11:1_14:0),C44 H80 O6
TG(16:1_11:1_16:0),C46 H84 O6
TG(16:1_11:1_16:1),C46 H82 O6
TG(16:1_11:1_18:2),C48 H84 O6
TG(16:1_11:1_18:3),C48 H82 O6
TG(16:1_11:2_14:3),C44 H72 O6
TG(16:1_11:3_12:2),C42 H68 O6
TG(16:1_11:3_14:3),C44 H70 O6
TG(16:1_11:3_14:4),C44 H68 O6
TG(16:1_12:0_14:0),C45 H84 O6
TG(16:1_12:0_16:1),C47 H86 O6
TG(16:1_12:0_18:2),C49 H88 O6
TG(16:1_12:1_12:1),C43 H76 O6
TG(16:1_12:2_11:3),C42 H68 O6
TG(16:1_13:0_16:0),C48 H90 O6
TG(16:1_14:0_12:0),C45 H84 O6
TG(16:1_14:0_18:3),C51 H90 O6
TG(16:1_14:0_6:0),C39 H72 O6
TG(16:1_14:1_16:1),C49 H88 O6
TG(16:1_14:2_11:3),C44 H72 O6
TG(16:1_14:2_18:3),C51 H86 O6
TG(16:1_14:3_11:3),C44 H70 O6
TG(16:1_16:1_10:0),C45 H82 O6
TG(16:1_16:1_12:0),C47 H86 O6
TG(16:1_16:1_14:0),C49 H90 O6
TG(16:1_16:1_15:0),C50 H92 O6
TG(16:1_16:1_16:0),C51 H94 O6
TG(16:1_16:1_16:1),C51 H92 O6
TG(16:1_16:1_17:0),C52 H96 O6
TG(16:1_16:1_17:1),C52 H94 O6
TG(16:1_16:1_18:1),C53 H96 O6
TG(16:1_16:1_18:2),C53 H94 O6
TG(16:1_16:1_18:3),C53 H92 O6
TG(16:1_16:1_6:0),C41 H74 O6
TG(16:1_16:1_8:0),C43 H78 O6
TG(16:1_17:1_14:1),C50 H90 O6
TG(16:1_17:1_16:0),C52 H96 O6
TG(16:1_17:1_16:1),C52 H94 O6
TG(16:1_17:1_18:1),C54 H98 O6
TG(16:1_17:1_18:2),C54 H96 O6
TG(16:1_18:1_10:0),C47 H86 O6
TG(16:1_18:1_12:0),C49 H90 O6
TG(16:1_18:1_16:0),C53 H98 O6
TG(16:1_18:1_17:1),C54 H98 O6
TG(16:1_18:1_18:1),C55 H100 O6
TG(16:1_18:1_18:2),C55 H98 O6
TG(16:1_18:1_18:3),C55 H96 O6
TG(16:1_18:1_6:0),C43 H78 O6
TG(16:1_18:1_8:0),C45 H82 O6
TG(16:1_18:2_10:0),C47 H84 O6
TG(16:1_18:2_11:1),C48 H84 O6
TG(16:1_18:2_12:0),C49 H88 O6
TG(16:1_18:2_15:0),C52 H94 O6
TG(16:1_18:2_16:0),C53 H96 O6
TG(16:1_18:2_16:1),C53 H94 O6
TG(16:1_18:2_18:3),C55 H94 O6
TG(16:1_18:2_6:0),C43 H76 O6
TG(16:1_18:3_11:1),C48 H82 O6
TG(16:1_18:3_16:1),C53 H92 O6
TG(16:1_18:3_17:1),C54 H94 O6
TG(16:1_18:3_18:1),C55 H96 O6
TG(16:1_6:0_18:1),C43 H78 O6
TG(16:1_6:0_20:1),C45 H82 O6
TG(16:1_9:0_16:0),C44 H82 O6
TG(16:1e_17:0_17:0),C53 H102 O5
TG(16:2_10:3_16:0),C45 H76 O6
TG(16:2_10:3_18:0),C47 H80 O6
TG(16:2_10:3_18:1),C47 H78 O6
TG(16:2_10:4_16:0),C45 H74 O6
TG(16:2_10:4_16:1),C45 H72 O6
TG(16:2_10:4_18:1),C47 H76 O6
TG(16:2_11:3_18:0),C48 H82 O6
TG(16:2_11:3_18:1),C48 H80 O6
TG(16:2_11:3_18:2),C48 H78 O6
TG(16:2_11:4_18:2),C48 H76 O6
TG(16:2_15:0_18:3),C52 H90 O6
TG(16:2_8:0_18:1),C45 H80 O6
TG(16:2e_11:3_12:2),C42 H68 O5
TG(16:2e_22:0_18:1),C59 H110 O5
TG(16:3_10:3_11:4),C40 H56 O6
TG(16:3_10:3_16:0),C45 H74 O6
TG(16:3_10:3_18:3),C47 H72 O6
TG(16:3_10:4_16:0),C45 H72 O6
TG(16:3_11:2_18:3),C48 H76 O6
TG(16:3_11:3_16:1),C46 H74 O6
TG(16:3_11:3_22:6),C52 H76 O6
TG(16:3_11:4_12:4),C42 H58 O6
TG(16:3_11:4_18:1),C48 H76 O6
TG(16:3_11:4_18:2),C48 H74 O6
TG(16:3_16:0_16:1),C51 H90 O6
TG(16:4_11:3_16:1),C46 H72 O6
TG(16:4_12:4_16:0),C47 H74 O6
TG(17:0_11:3_12:2),C43 H72 O6
TG(17:0_14:2_11:4),C45 H74 O6
TG(17:0_14:2_14:4),C48 H80 O6
TG(17:0_14:3_11:3),C45 H74 O6
TG(17:0_18:1_16:0),C54 H102 O6
TG(17:0_18:1_18:1),C56 H104 O6
TG(17:1_11:1_18:2),C49 H86 O6
TG(17:1_11:2_12:3),C43 H70 O6
TG(17:1_11:4_14:2),C45 H72 O6
TG(17:1_11:4_14:3),C45 H70 O6
TG(17:1_12:2_11:3),C43 H70 O6
TG(18:0_11:1_18:1),C50 H92 O6
TG(18:0_11:2_14:2),C46 H80 O6
TG(18:0_11:2_14:3),C46 H78 O6
TG(18:0_11:2_18:2),C50 H88 O6
TG(18:0_11:3_14:2),C46 H78 O6
TG(18:0_11:4_14:1),C46 H78 O6
TG(18:0_11:4_14:3),C46 H74 O6
TG(18:0_11:4_16:1),C48 H82 O6
TG(18:0_12:2_11:2),C44 H76 O6
TG(18:0_12:2_21:0),C54 H100 O6
TG(18:0_14:4_11:3),C46 H74 O6
TG(18:0_16:0_16:0),C53 H102 O6
TG(18:0_16:0_18:0),C55 H106 O6
TG(18:0_16:0_18:1),C55 H104 O6
TG(18:0_16:1_18:1),C55 H102 O6
TG(18:0_18:1_10:3),C49 H86 O6
TG(18:0_18:1_16:0),C55 H104 O6
TG(18:0_18:1_18:1),C57 H106 O6
TG(18:0_18:1_20:0),C59 H112 O6
TG(18:0_18:1_6:0),C45 H84 O6
TG(18:0_18:2_18:1),C57 H104 O6
TG(18:0_18:3_18:1),C57 H102 O6
TG(18:0_18:3_19:0),C58 H106 O6
TG(18:0_20:0_16:0),C57 H110 O6
TG(18:0_22:1_22:6),C65 H112 O6
TG(18:0e_16:0_18:1),C55 H106 O5
TG(18:0e_16:0_18:2),C55 H104 O5
TG(18:0e_16:0_19:1),C56 H108 O5
TG(18:0e_16:1_16:0),C53 H102 O5
TG(18:0e_16:1_16:1),C53 H100 O5
TG(18:0e_16:1_18:1),C55 H104 O5
TG(18:0e_16:1_18:2),C55 H102 O5
TG(18:0e_18:1_16:0),C55 H106 O5
TG(18:0e_18:1_18:1),C57 H108 O5
TG(18:0e_18:1_18:2),C57 H106 O5
TG(18:1_10:2_16:0),C47 H84 O6
TG(18:1_10:3_18:3),C49 H80 O6
TG(18:1_10:4_11:2),C42 H66 O6
TG(18:1_10:4_17:1),C48 H80 O6
TG(18:1_11:1_16:0),C48 H88 O6
TG(18:1_11:1_16:1),C48 H86 O6
TG(18:1_11:1_18:0),C50 H92 O6
TG(18:1_11:1_18:1),C50 H90 O6
TG(18:1_11:1_18:2),C50 H88 O6
TG(18:1_11:2_11:2),C43 H72 O6
TG(18:1_11:2_14:3),C46 H76 O6
TG(18:1_11:3_12:2),C44 H72 O6
TG(18:1_11:3_14:2),C46 H76 O6
TG(18:1_11:3_14:3),C46 H74 O6
TG(18:1_11:3_18:1),C50 H86 O6
TG(18:1_11:4_14:1),C46 H76 O6
TG(18:1_11:4_14:2),C46 H74 O6
TG(18:1_11:4_14:3),C46 H72 O6
TG(18:1_12:1_18:3),C51 H88 O6
TG(18:1_12:2_11:2),C44 H74 O6
TG(18:1_12:2_11:3),C44 H72 O6
TG(18:1_12:2_12:2),C45 H76 O6
TG(18:1_12:2_14:3),C47 H78 O6
TG(18:1_13:0_16:0),C50 H94 O6
TG(18:1_13:0_18:3),C52 H92 O6
TG(18:1_14:2_11:2),C46 H78 O6
TG(18:1_14:2_11:3),C46 H76 O6
TG(18:1_17:1_16:0),C54 H100 O6
TG(18:1_17:1_18:1),C56 H102 O6
TG(18:1_17:1_18:2),C56 H100 O6
TG(18:1_18:1_10:3),C49 H84 O6
TG(18:1_18:1_11:1),C50 H90 O6
TG(18:1_18:1_16:0),C55 H102 O6
TG(18:1_18:1_16:1),C55 H100 O6
TG(18:1_18:1_17:0),C56 H104 O6
TG(18:1_18:1_18:0),C57 H106 O6
TG(18:1_18:1_18:1),C57 H104 O6
TG(18:1_18:1_18:2),C57 H102 O6
TG(18:1_18:1_18:3),C57 H100 O6
TG(18:1_18:1_19:0),C58 H108 O6
TG(18:1_18:1_20:0),C59 H110 O6
TG(18:1_18:1_22:0),C61 H114 O6
TG(18:1_18:1_6:0),C45 H82 O6
TG(18:1_18:2_10:3),C49 H82 O6
TG(18:1_18:2_16:0),C55 H100 O6
TG(18:1_18:2_18:1),C57 H102 O6
TG(18:1_18:2_18:2),C57 H100 O6
TG(18:1_18:2_20:0),C59 H108 O6
TG(18:1_18:2_6:0),C45 H80 O6
TG(18:1_18:3_17:1),C56 H98 O6
TG(18:1_18:3_18:1),C57 H100 O6
TG(18:1_18:3_18:3),C57 H96 O6
TG(18:1_21:0_16:0),C58 H110 O6
TG(18:1_22:0_16:0),C59 H112 O6
TG(18:1_23:0_16:0),C60 H114 O6
TG(18:1_24:0_16:0),C61 H116 O6
TG(18:2_11:1_16:0),C48 H86 O6
TG(18:2_11:1_18:0),C50 H90 O6
TG(18:2_11:1_18:1),C50 H88 O6
TG(18:2_11:1_18:2),C50 H86 O6
TG(18:2_11:3_14:2),C46 H74 O6
TG(18:2_11:3_14:4),C46 H70 O6
TG(18:2_12:2_11:3),C44 H70 O6
TG(18:2_12:2_12:2),C45 H74 O6
TG(18:2_12:2_12:3),C45 H72 O6
TG(18:2_12:2_14:3),C47 H76 O6
TG(18:2_12:4_14:2),C47 H74 O6
TG(18:2_13:0_16:1),C50 H90 O6
TG(18:2_14:2_11:3),C46 H74 O6
TG(18:2_14:2_11:4),C46 H72 O6
TG(18:2_17:1_16:0),C54 H98 O6
TG(18:2_18:2_10:0),C49 H86 O6
TG(18:2_18:2_10:1),C49 H84 O6
TG(18:2_18:2_12:0),C51 H90 O6
TG(18:2_18:2_15:0),C54 H96 O6
TG(18:2_18:2_16:0),C55 H98 O6
TG(18:2_18:2_16:1),C55 H96 O6
TG(18:2_18:2_18:1),C57 H100 O6
TG(18:2_18:2_18:2),C57 H98 O6
TG(18:2_18:2_20:0),C59 H106 O6
TG(18:2_18:2_6:0),C45 H78 O6
TG(18:2e_16:0_17:0),C54 H102 O5
TG(18:2e_8:0_8:0),C37 H68 O5
TG(18:3_10:1_18:1),C49 H84 O6
TG(18:3_11:1_11:1),C43 H72 O6
TG(18:3_11:1_16:0),C48 H84 O6
TG(18:3_11:1_17:1),C49 H84 O6
TG(18:3_11:1_18:0),C50 H88 O6
TG(18:3_11:1_18:2),C50 H84 O6
TG(18:3_11:2_14:3),C46 H72 O6
TG(18:3_11:3_14:4),C46 H68 O6
TG(18:3_11:4_14:2),C46 H70 O6
TG(18:3_11:4_14:3),C46 H68 O6
TG(18:3_12:2_10:2),C43 H68 O6
TG(18:3_12:2_11:2),C44 H70 O6
TG(18:3_12:2_11:3),C44 H68 O6
TG(18:3_12:2_12:2),C45 H72 O6
TG(18:3_12:2_12:3),C45 H70 O6
TG(18:3_13:0_18:2),C52 H90 O6
TG(18:3_17:1_16:0),C54 H96 O6
TG(18:3_18:2_11:1),C50 H84 O6
TG(18:3_18:2_16:1),C55 H94 O6
TG(18:3_18:2_18:3),C57 H94 O6
TG(18:3_18:3_11:1),C50 H82 O6
TG(18:3_18:3_16:0),C55 H94 O6
TG(18:3_18:3_16:1),C55 H92 O6
TG(18:3_18:3_18:1),C57 H96 O6
TG(18:3_18:3_18:2),C57 H94 O6
TG(18:3_18:3_18:3),C57 H92 O6
TG(18:3e_10:2_20:5),C51 H80 O5
TG(18:3e_10:4_18:3),C49 H76 O5
TG(18:3e_11:4_11:4),C43 H62 O5
TG(18:3e_14:2_24:2),C59 H102 O5
TG(18:3e_17:0_17:0),C55 H102 O5
TG(18:3e_17:0_19:0),C57 H106 O5
TG(18:3e_19:1_17:1),C57 H102 O5
TG(18:3e_19:1_19:1),C59 H106 O5
TG(18:4_11:3_12:2),C44 H66 O6
TG(18:4_11:3_14:4),C46 H66 O6
TG(18:4_17:1_19:1),C57 H98 O6
TG(18:4_18:1_18:1),C57 H98 O6
TG(18:4_6:0_16:0),C43 H74 O6
TG(19:0_11:1_8:0),C41 H76 O6
TG(19:0_12:2_12:4),C46 H76 O6
TG(19:0_18:1_16:0),C56 H106 O6
TG(19:0_9:0_14:4),C45 H78 O6
TG(19:1_11:0_12:2),C45 H80 O6
TG(19:1_11:2_14:3),C47 H78 O6
TG(19:1_12:4_12:3),C46 H72 O6
TG(19:1_16:0_18:1),C56 H104 O6
TG(19:1_8:0_9:0),C39 H72 O6
TG(20:0_10:3_11:2),C44 H74 O6
TG(20:0_11:2_14:3),C48 H82 O6
TG(20:0_11:3_14:4),C48 H78 O6
TG(20:0_11:3_16:0),C50 H90 O6
TG(20:0_11:4_14:2),C48 H80 O6
TG(20:0_14:2_11:4),C48 H80 O6
TG(20:0_14:3_11:2),C48 H82 O6
TG(20:0_16:0_16:0),C55 H106 O6
TG(20:0_16:0_18:1),C57 H108 O6
TG(20:0_16:0_20:1),C59 H112 O6
TG(20:0_18:1_16:0),C57 H108 O6
TG(20:0_18:1_18:0),C59 H112 O6
TG(20:0_18:1_18:1),C59 H110 O6
TG(20:0_18:1_18:3),C59 H106 O6
TG(20:0e_16:0_18:1),C57 H110 O5
TG(20:0e_16:1_18:1),C57 H108 O5
TG(20:0e_18:1_16:1),C57 H108 O5
TG(20:0e_18:1_18:1),C59 H112 O5
TG(20:0e_18:3_18:3),C59 H104 O5
TG(20:0e_18:3_18:4),C59 H102 O5
TG(20:1_11:1_11:3),C45 H76 O6
TG(20:1_11:4_14:2),C48 H78 O6
TG(20:1_18:1_18:1),C59 H108 O6
TG(20:1e_16:1_18:1),C57 H106 O5
TG(20:1e_18:1_18:1),C59 H110 O5
TG(20:2e_10:4_14:4),C47 H72 O5
TG(20:3e_10:3_22:3),C55 H90 O5
TG(20:3e_12:3_20:0),C55 H96 O5
TG(20:3e_17:0_16:0),C56 H104 O5
TG(20:3e_18:1_18:1),C59 H106 O5
TG(20:4_11:3_14:1),C48 H76 O6
TG(20:4e_10:3_12:3),C45 H68 O5
TG(20:4e_10:3_14:4),C47 H70 O5
TG(20:4e_13:0_13:0),C49 H88 O5
TG(20:4e_17:1_17:1),C57 H100 O5
TG(20:5_11:2_14:2),C48 H74 O6
TG(20:5_11:3_12:2),C46 H68 O6
TG(20:5_11:3_14:4),C48 H68 O6
TG(20:5_11:4_14:2),C48 H70 O6
TG(22:1_10:3_11:1),C46 H78 O6
TG(22:1_24:2_16:1),C65 H118 O6
TG(22:1_24:2_18:1),C67 H122 O6
TG(22:5_11:3_14:3),C50 H74 O6
TG(22:6_10:1_12:4),C47 H68 O6
TG(22:6_11:1_12:4),C48 H70 O6
TG(25:0_16:0_18:1),C62 H118 O6
TG(25:0_16:1_16:0),C60 H114 O6
TG(25:0_18:1_16:0),C62 H118 O6
TG(25:0_6:0_11:1),C45 H84 O6
TG(26:0_16:0_16:0),C61 H118 O6
TG(26:0_16:0_18:1),C63 H120 O6
TG(26:0_16:1_16:0),C61 H116 O6
TG(26:0_16:1_16:1),C61 H114 O6
TG(26:0_18:1_16:0),C63 H120 O6
TG(26:0_18:1_18:1),C65 H122 O6
TG(26:0_18:1_18:2),C65 H120 O6
TG(26:0_18:2_16:0),C63 H118 O6
TG(26:0_9:0_10:4),C48 H84 O6
TG(26:1_16:0_18:1),C63 H118 O6
TG(26:1_16:1_16:1),C61 H112 O6
TG(26:1_18:1_16:0),C63 H118 O6
TG(26:1_18:1_16:1),C63 H116 O6
TG(26:1_18:1_18:1),C65 H120 O6
TG(26:1_18:2_18:1),C65 H118 O6
TG(26:1_6:0_9:0),C44 H82 O6
TG(27:0_18:1_16:0),C64 H122 O6
TG(28:0_16:0_18:1),C65 H124 O6
TG(28:0_18:1_16:0),C65 H124 O6
TG(28:0_18:1_18:1),C67 H126 O6
TG(28:0_18:1_20:0),C69 H132 O6
TG(28:0_22:1_16:0),C69 H132 O6
TG(28:1_10:4_18:1),C59 H102 O6
TG(28:1_18:1_16:0),C65 H122 O6
TG(28:1_18:1_18:1),C67 H124 O6
TG(28:1_20:1_22:1),C73 H136 O6
TG(28:1_23:1_24:2),C78 H144 O6
TG(28:1_6:0_11:1),C48 H88 O6
TG(29:0_16:0_18:1),C66 H126 O6
TG(29:0_22:1_16:0),C70 H134 O6
TG(30:0_16:0_18:1),C67 H128 O6
TG(30:0_16:1_18:1),C67 H126 O6
TG(30:0_18:1_16:0),C67 H128 O6
TG(30:0_18:1_18:1),C69 H130 O6
TG(30:0_18:2_16:0),C67 H126 O6
TG(30:1_16:0_19:0),C68 H130 O6
TG(30:1_18:1_16:0),C67 H126 O6
TG(39:7e),C42 H68 O5
TG(4:0_10:1_11:3),C28 H44 O6
TG(4:0_11:1_19:0),C37 H68 O6
TG(4:0_11:1_20:0),C38 H70 O6
TG(4:0_11:1_21:0),C39 H72 O6
TG(4:0_11:1_23:0),C41 H76 O6
TG(4:0_11:1_9:0),C27 H48 O6
TG(4:0_11:4_14:1),C32 H50 O6
TG(4:0_14:0_16:0),C37 H70 O6
TG(4:0_14:0_16:1),C37 H68 O6
TG(4:0_14:0_18:1),C39 H72 O6
TG(4:0_14:0_18:3),C39 H68 O6
TG(4:0_14:1_14:0),C35 H64 O6
TG(4:0_14:1_16:0),C37 H68 O6
TG(4:0_14:1_16:1),C37 H66 O6
TG(4:0_16:0_14:0),C37 H70 O6
TG(4:0_16:0_14:1),C37 H68 O6
TG(4:0_16:0_16:0),C39 H74 O6
TG(4:0_16:0_16:1),C39 H72 O6
TG(4:0_16:0_17:1),C40 H74 O6
TG(4:0_16:0_18:0),C41 H78 O6
TG(4:0_16:0_18:1),C41 H76 O6
TG(4:0_16:0_18:2),C41 H74 O6
TG(4:0_16:0_18:3),C41 H72 O6
TG(4:0_16:0_18:4),C41 H70 O6
TG(4:0_16:0_19:1),C42 H78 O6
TG(4:0_16:0_20:5),C43 H72 O6
TG(4:0_16:0_22:5),C45 H76 O6
TG(4:0_16:1_14:0),C37 H68 O6
TG(4:0_16:1_16:0),C39 H72 O6
TG(4:0_16:1_16:1),C39 H70 O6
TG(4:0_16:1_17:0),C40 H74 O6
TG(4:0_16:1_17:1),C40 H72 O6
TG(4:0_16:1_18:1),C41 H74 O6
TG(4:0_16:1_18:2),C41 H72 O6
TG(4:0_16:1_18:3),C41 H70 O6
TG(4:0_16:1_18:4),C41 H68 O6
TG(4:0_16:1_19:0),C42 H78 O6
TG(4:0_16:1_20:5),C43 H70 O6
TG(4:0_16:1_6:0),C29 H52 O6
TG(4:0_17:0_18:1),C42 H78 O6
TG(4:0_17:0_18:2),C42 H76 O6
TG(4:0_17:1_16:0),C40 H74 O6
TG(4:0_17:1_16:1),C40 H72 O6
TG(4:0_17:1_18:1),C42 H76 O6
TG(4:0_17:1_18:2),C42 H74 O6
TG(4:0_18:1_16:0),C41 H76 O6
TG(4:0_18:1_16:1),C41 H74 O6
TG(4:0_18:1_17:0),C42 H78 O6
TG(4:0_18:1_17:1),C42 H76 O6
TG(4:0_18:1_18:0),C43 H80 O6
TG(4:0_18:1_18:1),C43 H78 O6
TG(4:0_18:1_18:2),C43 H76 O6
TG(4:0_18:1_18:3),C43 H74 O6
TG(4:0_18:1_18:4),C43 H72 O6
TG(4:0_18:1_19:1),C44 H80 O6
TG(4:0_18:1_20:0),C45 H84 O6
TG(4:0_18:1_20:4),C45 H76 O6
TG(4:0_18:2_16:0),C41 H74 O6
TG(4:0_18:2_16:1),C41 H72 O6
TG(4:0_18:2_17:0),C42 H76 O6
TG(4:0_18:2_17:1),C42 H74 O6
TG(4:0_18:2_18:1),C43 H76 O6
TG(4:0_18:2_18:2),C43 H74 O6
TG(4:0_18:2_18:3),C43 H72 O6
TG(4:0_18:2_20:0),C45 H82 O6
TG(4:0_18:2_20:5),C45 H72 O6
TG(4:0_18:3_14:0),C39 H68 O6
TG(4:0_18:3_16:0),C41 H72 O6
TG(4:0_18:3_16:1),C41 H70 O6
TG(4:0_18:3_18:0),C43 H76 O6
TG(4:0_18:3_18:3),C43 H70 O6
TG(4:0_6:0_20:3),C33 H56 O6
TG(4:0_8:0_10:0),C25 H46 O6
TG(4:0_8:0_10:1),C25 H44 O6
TG(4:0_9:0_11:1),C27 H48 O6
TG(4:0_9:0_12:4),C28 H44 O6
TG(42:3e),C45 H82 O5
TG(45:7),C48 H78 O6
TG(53:0e),C56 H110 O5
TG(6:0_10:4_12:3),C31 H44 O6
TG(6:0_11:1_23:0),C43 H80 O6
TG(6:0_14:3_16:0),C39 H68 O6
TG(6:0_18:1_16:0),C43 H80 O6
TG(6:0_18:1_18:1),C45 H82 O6
TG(6:0_18:1_18:2),C45 H80 O6
TG(6:0_18:1_18:3),C45 H78 O6
TG(6:0_18:2_18:1),C45 H80 O6
TG(6:0_18:2_18:2),C45 H78 O6
TG(6:0_23:0_11:1),C43 H80 O6
TG(6:0_8:0_8:0),C25 H46 O6
TG(8:0_11:3_22:5),C44 H68 O6
TG(8:0_11:4_22:4),C44 H68 O6
TG(8:0_12:3_16:0),C39 H68 O6
TG(8:0_14:4_22:6),C47 H70 O6
TG(9:0_10:1_19:0),C41 H76 O6
TG(9:0_18:1_16:0),C46 H86 O6
TG(9:0_9:0_22:5),C43 H72 O6
